{
  "aggregate": {
    "2": {
      "instruction": 0.5128182549960911,
      "final_answer_phrase": 0.17026332509703934,
      "question": 0.003494957520160824,
      "think": 0.0020122034184169024,
      "numbers": 0.004663898493163288,
      "operators": 0.004130491957766935,
      "prompt_other": 0.30261693816282786
    },
    "3": {
      "instruction": 0.399488083232427,
      "final_answer_phrase": 0.10950662009418011,
      "question": 0.0017680593591649085,
      "think": 0.0023527499579358846,
      "numbers": 0.0059039738262072206,
      "operators": 0.013276272220537066,
      "prompt_other": 0.46770430134347407
    },
    "6": {
      "instruction": 0.6210033806528372,
      "final_answer_phrase": 0.1901382168289274,
      "question": 0.0004476595640880987,
      "think": 0.0001535619790047349,
      "numbers": 0.004847798380069435,
      "operators": 0.004399098630528897,
      "prompt_other": 0.17901030670645923
    }
  },
  "examples": [
    {
      "prompt": "What is 5 + 3?",
      "target_pos": 71,
      "layer_results": {
        "2": {
          "instruction": 0.5129276160150766,
          "final_answer_phrase": 0.17748784506693482,
          "question": 0.003362980089150369,
          "think": 0.0018392913043498993,
          "numbers": 0.006011222256347537,
          "operators": 0.00593521396513097,
          "prompt_other": 0.2924358771124389
        },
        "3": {
          "instruction": 0.39538704918231815,
          "final_answer_phrase": 0.10611963458359241,
          "question": 0.001862545672338456,
          "think": 0.002261096960864961,
          "numbers": 0.006371350958943367,
          "operators": 0.02156337955966592,
          "prompt_other": 0.466435003632796
        },
        "6": {
          "instruction": 0.6221120825211983,
          "final_answer_phrase": 0.1925180028192699,
          "question": 0.0005523866857402027,
          "think": 0.00013735555421590107,
          "numbers": 0.004805259173735976,
          "operators": 0.008112517592962831,
          "prompt_other": 0.17176244552138087
        }
      }
    },
    {
      "prompt": "If Alice has 8 apples and gives 3 to Bob, how many does she have?",
      "target_pos": 82,
      "layer_results": {
        "2": {
          "instruction": 0.5127088939771056,
          "final_answer_phrase": 0.16303880512714386,
          "question": 0.003626934951171279,
          "think": 0.0021851155324839056,
          "numbers": 0.0033165747299790382,
          "operators": 0.0023257699504029006,
          "prompt_other": 0.3127979992132168
        },
        "3": {
          "instruction": 0.4035891172825359,
          "final_answer_phrase": 0.1128936056047678,
          "question": 0.0016735730459913611,
          "think": 0.002444402955006808,
          "numbers": 0.005436596693471074,
          "operators": 0.004989164881408215,
          "prompt_other": 0.46897359905415215
        },
        "6": {
          "instruction": 0.6198946787844761,
          "final_answer_phrase": 0.1877584308385849,
          "question": 0.00034293244243599474,
          "think": 0.00016976840379356872,
          "numbers": 0.004890337586402893,
          "operators": 0.0006856796680949628,
          "prompt_other": 0.1862581678915376
        }
      }
    }
  ]
}